brand,topic,listicle_topic_hits_bt,reddit_topic_hits_bt,youtube_topic_hits_bt,linkedin_topic_hits_bt,domain_topic_hits_bt
1Password,Price,7,17900,2110,3220,1240
1Password,Security,668,42100,2760,13700,1860
1Password,Fit/Use,3660,40200,2570,12600,1860
Bitwarden,Price,6,29100,2150,3530,6160
Bitwarden,Security,573,77300,3030,13300,18000
Bitwarden,Fit/Use,1630,60200,1860,12100,12600
LastPass,Price,7,4460,2660,4370,8410
LastPass,Security,578,28400,3070,14700,6460
LastPass,Fit/Use,2090,24200,2630,13100,9490
Dashlane,Price,5,5290,625,2280,925
Dashlane,Security,445,11300,847,4130,1270
Dashlane,Fit/Use,2470,9850,1190,4090,1310
Keeper,Price,4,4170,903,1890,5030
Keeper,Security,664,9470,1260,3800,5860
Keeper,Fit/Use,2000,8680,802,3460,5560
NordPass,Price,6,2820,6650,1390,632
NordPass,Security,9,6630,4100,2330,690
NordPass,Fit/Use,1480,5500,5820,2130,849
RoboForm,Price,4,1370,1290,296,130
RoboForm,Security,9,2810,1040,681,295
RoboForm,Fit/Use,1500,2580,832,596,254